SentenceID,NounScore,VerbScore,"Noun Only   (1.0, 0.0)","Verb Only   (0.0, 1.0)","Equal       (0.5, 0.5)","Noun-heavy  (0.7, 0.3)","Verb-heavy  (0.3, 0.7)"
1,0.53288,0.745423,0.53288,0.745423,0.639151,0.596643,0.68166
2,0.447633,0.519716,0.447633,0.519716,0.483675,0.469258,0.498091
3,0.375866,0.589881,0.375866,0.589881,0.482873,0.440071,0.525676
4,0.419973,0.165435,0.419973,0.165435,0.292704,0.343611,0.241796
5,0.353632,0.554719,0.353632,0.554719,0.454176,0.413958,0.494393
6,0.334844,0.447996,0.334844,0.447996,0.39142,0.36879,0.41405
7,0.30882,0.519701,0.30882,0.519701,0.414261,0.372084,0.456437
8,0.459589,0.436134,0.459589,0.436134,0.447861,0.452552,0.44317
9,0.484163,0.787037,0.484163,0.787037,0.6356,0.575025,0.696175
10,0.443641,0.907247,0.443641,0.907247,0.675444,0.582723,0.768165
11,0.42941,0.564685,0.42941,0.564685,0.497047,0.469993,0.524102
12,0.271843,0.485001,0.271843,0.485001,0.378422,0.335791,0.421054
13,0.391558,0.763057,0.391558,0.763057,0.577307,0.503008,0.651607
14,0.331518,0.510134,0.331518,0.510134,0.420826,0.385103,0.456549
15,0.438599,0.40672,0.438599,0.40672,0.422659,0.429035,0.416284
16,0.311628,0.557211,0.311628,0.557211,0.43442,0.385303,0.483536
17,0.264786,0.771264,0.264786,0.771264,0.518025,0.416729,0.619321
18,0.174228,0.419014,0.174228,0.419014,0.296621,0.247664,0.345578
19,0.332557,0.408926,0.332557,0.408926,0.370742,0.355468,0.386015
20,0.262149,0.372644,0.262149,0.372644,0.317397,0.295298,0.339496
21,0.328066,0.46429,0.328066,0.46429,0.396178,0.368933,0.423423
22,0.256472,0.479823,0.256472,0.479823,0.368148,0.323477,0.412818
23,0.420397,0.485812,0.420397,0.485812,0.453105,0.440022,0.466187
24,0.370926,0.087273,0.370926,0.087273,0.229099,0.28583,0.172369
25,0.395526,0.223635,0.395526,0.223635,0.309581,0.343959,0.275203
26,0.41538,0.187323,0.41538,0.187323,0.301352,0.346963,0.25574
27,0.266667,0.163631,0.266667,0.163631,0.215149,0.235756,0.194542
28,0.386699,0.144475,0.386699,0.144475,0.265587,0.314032,0.217142
29,0.386432,0.210159,0.386432,0.210159,0.298295,0.33355,0.263041
30,0.419932,0.320874,0.419932,0.320874,0.370403,0.390215,0.350592
31,0.4014,0.170753,0.4014,0.170753,0.286077,0.332206,0.239947
32,0.480519,0.674254,0.480519,0.674254,0.577387,0.53864,0.616134
33,0.463668,0.758972,0.463668,0.758972,0.61132,0.552259,0.670381
34,0.428704,0.547502,0.428704,0.547502,0.488103,0.464343,0.511863
35,0.300783,0.760868,0.300783,0.760868,0.530825,0.438808,0.622842
36,0.359566,0.61164,0.359566,0.61164,0.485603,0.435188,0.536017
37,0.343283,0.661064,0.343283,0.661064,0.502173,0.438617,0.565729
38,0.294481,0.139708,0.294481,0.139708,0.217095,0.248049,0.18614
39,0.354201,0.155057,0.354201,0.155057,0.254629,0.294458,0.2148
40,0.291818,0.448519,0.291818,0.448519,0.370168,0.338828,0.401508
41,0.257564,0.286608,0.257564,0.286608,0.272086,0.266277,0.277895
42,0.408899,0.479829,0.408899,0.479829,0.444364,0.430178,0.45855
43,0.410109,0.681535,0.410109,0.681535,0.545822,0.491537,0.600107
44,0.398605,0.751152,0.398605,0.751152,0.574879,0.504369,0.645388
45,0.411882,0.600746,0.411882,0.600746,0.506314,0.468541,0.544087
46,0.342972,0.401338,0.342972,0.401338,0.372155,0.360482,0.383828
47,0.377964,0.479714,0.377964,0.479714,0.428839,0.408489,0.449189
48,0.384298,0.55147,0.384298,0.55147,0.467884,0.434449,0.501319
49,0.344444,0.700568,0.344444,0.700568,0.522506,0.451281,0.593731
50,0.397624,0.490529,0.397624,0.490529,0.444076,0.425495,0.462657
51,0.340551,0.410353,0.340551,0.410353,0.375452,0.361492,0.389412
52,0.43869,0.605556,0.43869,0.605556,0.522123,0.48875,0.555496
53,0.423085,0.048077,0.423085,0.048077,0.235581,0.310582,0.160579
54,0.410578,0.761165,0.410578,0.761165,0.585871,0.515754,0.655989
55,0.407547,0.785412,0.407547,0.785412,0.596479,0.520906,0.672052
56,0.385674,0.761683,0.385674,0.761683,0.573679,0.498477,0.648881
57,0.439812,0.677659,0.439812,0.677659,0.558736,0.511166,0.606305
58,0.437759,0.66358,0.437759,0.66358,0.55067,0.505506,0.595834
59,0.480175,0.541261,0.480175,0.541261,0.510718,0.4985,0.522935
60,0.496323,0.44832,0.496323,0.44832,0.472322,0.481923,0.462721
61,0.363961,0.526801,0.363961,0.526801,0.445381,0.412813,0.477949
62,0.303199,0.412377,0.303199,0.412377,0.357788,0.335952,0.379623
63,0.424169,0.641612,0.424169,0.641612,0.532891,0.489402,0.576379
64,0.354447,0.729683,0.354447,0.729683,0.542065,0.467018,0.617112
65,0.42392,0.641595,0.42392,0.641595,0.532758,0.489222,0.576293
66,0.375,0.678049,0.375,0.678049,0.526525,0.465915,0.587135
67,0.416116,0.476125,0.416116,0.476125,0.446121,0.434119,0.458122
68,0.442364,0.658414,0.442364,0.658414,0.550389,0.507179,0.593599
69,0.429384,0.899024,0.429384,0.899024,0.664204,0.570276,0.758132
70,0.389777,0.911574,0.389777,0.911574,0.650675,0.546316,0.755035
71,0.370349,0.204357,0.370349,0.204357,0.287353,0.320551,0.254155
72,0.355319,0.442157,0.355319,0.442157,0.398738,0.38137,0.416105
73,0.425319,0.277457,0.425319,0.277457,0.351388,0.380961,0.321816
74,0.372167,0.290777,0.372167,0.290777,0.331472,0.34775,0.315194
75,0.422163,0.43025,0.422163,0.43025,0.426207,0.424589,0.427824
76,0.358479,0.607273,0.358479,0.607273,0.482876,0.433117,0.532635
77,0.288623,0.439258,0.288623,0.439258,0.363941,0.333814,0.394067
78,0.176815,0.140086,0.176815,0.140086,0.158451,0.165797,0.151105
79,0.221266,0.621388,0.221266,0.621388,0.421327,0.341302,0.501352
80,0.319584,0.465917,0.319584,0.465917,0.39275,0.363484,0.422017
81,0.326308,0.139646,0.326308,0.139646,0.232977,0.27031,0.195645
82,0.396026,0.236508,0.396026,0.236508,0.316267,0.348171,0.284363
83,0.465741,0.323349,0.465741,0.323349,0.394545,0.423023,0.366067
84,0.401852,0.720256,0.401852,0.720256,0.561054,0.497373,0.624735
85,0.366539,0.179804,0.366539,0.179804,0.273172,0.310519,0.235825
86,0.475682,0.060426,0.475682,0.060426,0.268054,0.351105,0.185003
87,0.476389,0.071894,0.476389,0.071894,0.274141,0.35504,0.193242
88,0.390823,0.076135,0.390823,0.076135,0.233479,0.296417,0.170541
89,0.393013,0.157212,0.393013,0.157212,0.275113,0.322273,0.227953
90,0.41977,0.567424,0.41977,0.567424,0.493597,0.464066,0.523128
91,0.49314,0.597832,0.49314,0.597832,0.545486,0.524548,0.566424
92,0.434184,0.394261,0.434184,0.394261,0.414223,0.422207,0.406238
93,0.403332,0.52605,0.403332,0.52605,0.464691,0.440148,0.489234
94,0.430571,0.111515,0.430571,0.111515,0.271043,0.334854,0.207232
95,0.372436,0.389307,0.372436,0.389307,0.380871,0.377497,0.384245
96,0.37738,0.48167,0.37738,0.48167,0.429525,0.408667,0.450383
97,0.415359,0.642399,0.415359,0.642399,0.528879,0.483471,0.574287
98,0.322438,0.408118,0.322438,0.408118,0.365278,0.348142,0.382414
99,0.454197,0.172549,0.454197,0.172549,0.313373,0.369702,0.257043
100,0.324024,0.211111,0.324024,0.211111,0.267568,0.29015,0.244985
101,0.318427,0.255844,0.318427,0.255844,0.287135,0.299652,0.274619
102,0.402697,0.457143,0.402697,0.457143,0.42992,0.41903,0.440809
103,0.417871,0.189177,0.417871,0.189177,0.303524,0.349263,0.257785
104,0.425931,0.099048,0.425931,0.099048,0.262489,0.327866,0.197113
105,0.380661,0.094192,0.380661,0.094192,0.237426,0.29472,0.180133
106,0.384057,0.193184,0.384057,0.193184,0.28862,0.326795,0.250446
107,0.37723,0.613673,0.37723,0.613673,0.495451,0.448163,0.54274
108,0.280959,0.204425,0.280959,0.204425,0.242692,0.257999,0.227385
109,0.309948,0.343398,0.309948,0.343398,0.326673,0.319983,0.333363
110,0.380142,0.554981,0.380142,0.554981,0.467562,0.432594,0.502529
111,0.423035,0.388426,0.423035,0.388426,0.405731,0.412653,0.398809
112,0.433153,0.181481,0.433153,0.181481,0.307317,0.357652,0.256983
113,0.328913,0.143651,0.328913,0.143651,0.236282,0.273334,0.199229
114,0.386676,0.118939,0.386676,0.118939,0.252808,0.306355,0.19926
115,0.406485,0.561301,0.406485,0.561301,0.483893,0.45293,0.514856
116,0.440864,0.86005,0.440864,0.86005,0.650457,0.56662,0.734294
117,0.207647,0.426103,0.207647,0.426103,0.316875,0.273184,0.360566
118,0.457625,0.189899,0.457625,0.189899,0.323762,0.377307,0.270217
119,0.467262,0.253407,0.467262,0.253407,0.360334,0.403105,0.317564
120,0.43377,0.239464,0.43377,0.239464,0.336617,0.375478,0.297755
121,0.199037,0.466375,0.199037,0.466375,0.332706,0.279239,0.386174
122,0.259901,0.767298,0.259901,0.767298,0.513599,0.41212,0.615079
123,0.402578,0.893876,0.402578,0.893876,0.648227,0.549968,0.746487
124,0.425823,0.468257,0.425823,0.468257,0.44704,0.438553,0.455527
125,0.36354,0.352273,0.36354,0.352273,0.357906,0.36016,0.355653
126,0.461449,0.121212,0.461449,0.121212,0.291331,0.359378,0.223283
127,0.312548,0.185409,0.312548,0.185409,0.248979,0.274407,0.223551
128,0.234831,0.52615,0.234831,0.52615,0.380491,0.322227,0.438754
129,0.380911,0.112748,0.380911,0.112748,0.24683,0.300462,0.193197
130,0.411159,0.667659,0.411159,0.667659,0.539409,0.488109,0.590709
131,0.405885,0.435927,0.405885,0.435927,0.420906,0.414898,0.426915
132,0.378866,0.444872,0.378866,0.444872,0.411869,0.398668,0.42507
133,0.412711,0.74262,0.412711,0.74262,0.577665,0.511684,0.643647
134,0.408989,0.560303,0.408989,0.560303,0.484646,0.454383,0.514909
135,0.384691,0.580334,0.384691,0.580334,0.482512,0.443384,0.521641
136,0.394687,0.203454,0.394687,0.203454,0.299071,0.337317,0.260824
137,0.407127,0.470875,0.407127,0.470875,0.439001,0.426251,0.451751
138,0.44409,0.083131,0.44409,0.083131,0.263611,0.335803,0.191419
139,0.327273,0.62192,0.327273,0.62192,0.474596,0.415667,0.533526
140,0.256643,0.18346,0.256643,0.18346,0.220051,0.234688,0.205415
141,0.433901,0.59632,0.433901,0.59632,0.515111,0.482627,0.547595
142,0.403702,0.578298,0.403702,0.578298,0.491,0.456081,0.525919
143,0.353616,0.215758,0.353616,0.215758,0.284687,0.312259,0.257116
144,0.421078,0.141155,0.421078,0.141155,0.281116,0.337101,0.225132
145,0.32153,0.270908,0.32153,0.270908,0.296219,0.306344,0.286095
146,0.364459,0.139646,0.364459,0.139646,0.252053,0.297015,0.20709
147,0.356488,0.205556,0.356488,0.205556,0.281022,0.311208,0.250835
148,0.416762,0.214286,0.416762,0.214286,0.315524,0.356019,0.275029
149,0.402823,0.385556,0.402823,0.385556,0.394189,0.397643,0.390736
150,0.452093,0.260952,0.452093,0.260952,0.356523,0.394751,0.318295
151,0.288692,0.22328,0.288692,0.22328,0.255986,0.269068,0.242904
152,0.246561,0.478974,0.246561,0.478974,0.362767,0.316285,0.40925
153,0.404168,0.747475,0.404168,0.747475,0.575821,0.50716,0.644483
154,0.401056,0.331464,0.401056,0.331464,0.36626,0.380179,0.352342
155,0.401583,0.755196,0.401583,0.755196,0.578389,0.507667,0.649112
156,0.440355,0.562974,0.440355,0.562974,0.501665,0.477141,0.526189
157,0.418908,0.409199,0.418908,0.409199,0.414053,0.415995,0.412112
158,0.43326,0.567731,0.43326,0.567731,0.500495,0.473601,0.527389
159,0.356471,0.372403,0.356471,0.372403,0.364437,0.36125,0.367623
160,0.204687,0.306243,0.204687,0.306243,0.255465,0.235154,0.275777
161,0.176389,0.415685,0.176389,0.415685,0.296037,0.248178,0.343896
162,0.321133,0.17684,0.321133,0.17684,0.248986,0.277845,0.220128
163,0.361991,0.109232,0.361991,0.109232,0.235612,0.286164,0.18506
164,0.32381,0.104883,0.32381,0.104883,0.214346,0.258131,0.170561
165,0.320174,0.074297,0.320174,0.074297,0.197235,0.246411,0.14806
166,0.292435,0.774495,0.292435,0.774495,0.533465,0.437053,0.629877
167,0.407407,0.328872,0.407407,0.328872,0.36814,0.383847,0.352433
168,0.400602,0.529266,0.400602,0.529266,0.464934,0.439201,0.490667
169,0.409035,0.245648,0.409035,0.245648,0.327342,0.360019,0.294664
170,0.436002,0.250842,0.436002,0.250842,0.343422,0.380454,0.30639
171,0.423344,0.646681,0.423344,0.646681,0.535013,0.490345,0.57968
172,0.426585,0.185011,0.426585,0.185011,0.305798,0.354113,0.257483
173,0.354683,0.684961,0.354683,0.684961,0.519822,0.453766,0.585878
174,0.214286,0.076242,0.214286,0.076242,0.145264,0.172873,0.117655
175,0.212198,0.224822,0.212198,0.224822,0.21851,0.215985,0.221035
176,0.304904,0.43447,0.304904,0.43447,0.369687,0.343774,0.3956
177,0.239316,0.641558,0.239316,0.641558,0.440437,0.359989,0.520886
178,0.239316,0.075325,0.239316,0.075325,0.15732,0.190119,0.124522
179,0.107903,0.551768,0.107903,0.551768,0.329836,0.241063,0.418608
180,0.282143,0.121901,0.282143,0.121901,0.202022,0.23407,0.169974
181,0.2,0.038811,0.2,0.038811,0.119406,0.151643,0.087168
182,0.418657,0.069619,0.418657,0.069619,0.244138,0.313946,0.174331
183,0.386439,0.05944,0.386439,0.05944,0.222939,0.288339,0.15754
184,0.351282,0.19969,0.351282,0.19969,0.275486,0.305804,0.245167
185,0.402608,0.054505,0.402608,0.054505,0.228556,0.298177,0.158936
186,0.317859,0.227316,0.317859,0.227316,0.272588,0.290696,0.254479
187,0.320772,0.22721,0.320772,0.22721,0.273991,0.292703,0.255278
188,0.387158,0.209135,0.387158,0.209135,0.298146,0.333751,0.262542
189,0.375934,0.486429,0.375934,0.486429,0.431181,0.409082,0.45328
190,0.402314,0.7615,0.402314,0.7615,0.581907,0.510069,0.653744
191,0.413749,0.893519,0.413749,0.893519,0.653634,0.55768,0.749588
192,0.417443,0.488623,0.417443,0.488623,0.453033,0.438797,0.467269
193,0.415083,0.924504,0.415083,0.924504,0.669793,0.567909,0.771678
194,0.415378,0.488255,0.415378,0.488255,0.451817,0.437241,0.466392
195,0.283372,0.132035,0.283372,0.132035,0.207703,0.237971,0.177436
196,0.329003,0.37471,0.329003,0.37471,0.351857,0.342715,0.360998
197,0.41211,0.656667,0.41211,0.656667,0.534388,0.485477,0.5833
198,0.288619,0.256296,0.288619,0.256296,0.272458,0.278922,0.265993
199,0.421281,0.477778,0.421281,0.477778,0.449529,0.43823,0.460829
200,0.394316,0.207361,0.394316,0.207361,0.300838,0.338229,0.263447
201,0.295857,0.230079,0.295857,0.230079,0.262968,0.276124,0.249813
202,0.366669,0.342434,0.366669,0.342434,0.354551,0.359398,0.349704
203,0.422398,0.159905,0.422398,0.159905,0.291151,0.34365,0.238653
204,0.367095,0.45353,0.367095,0.45353,0.410313,0.393026,0.4276
205,0.40367,0.390048,0.40367,0.390048,0.396859,0.399584,0.394134
206,0.42567,0.405873,0.42567,0.405873,0.415771,0.419731,0.411812
207,0.414386,0.877228,0.414386,0.877228,0.645807,0.553239,0.738376
208,0.422367,0.441134,0.422367,0.441134,0.431751,0.427997,0.435504
209,0.353059,0.465705,0.353059,0.465705,0.409382,0.386853,0.431911
210,0.397529,0.432346,0.397529,0.432346,0.414937,0.407974,0.421901
211,0.383423,0.413693,0.383423,0.413693,0.398558,0.392504,0.404612
212,0.42517,0.343423,0.42517,0.343423,0.384296,0.400646,0.367947
213,0.395609,0.127673,0.395609,0.127673,0.261641,0.315229,0.208054
214,0.316082,0.454861,0.316082,0.454861,0.385472,0.357716,0.413227
215,0.367658,0.986975,0.367658,0.986975,0.677316,0.553453,0.80118
216,0.408399,0.651526,0.408399,0.651526,0.529962,0.481337,0.578588
217,0.311314,0.726671,0.311314,0.726671,0.518993,0.435921,0.602064
218,0.433338,0.605665,0.433338,0.605665,0.519501,0.485036,0.553967
219,0.441888,0.303932,0.441888,0.303932,0.37291,0.400501,0.345319
220,0.452714,0.682051,0.452714,0.682051,0.567383,0.521515,0.61325
221,0.438463,0.473162,0.438463,0.473162,0.455813,0.448873,0.462753
222,0.389002,0.187686,0.389002,0.187686,0.288344,0.328607,0.248081
223,0.437828,0.24102,0.437828,0.24102,0.339424,0.378785,0.300062
224,0.432553,0.430256,0.432553,0.430256,0.431405,0.431864,0.430945
225,0.425,0.721907,0.425,0.721907,0.573454,0.514072,0.632835
226,0.423932,0.449379,0.423932,0.449379,0.436655,0.431566,0.441744
227,0.26619,0.470183,0.26619,0.470183,0.368187,0.327388,0.408985
228,0.26619,0.801549,0.26619,0.801549,0.53387,0.426798,0.640941
229,0.424632,0.313903,0.424632,0.313903,0.369267,0.391413,0.347122
230,0.451852,0.993752,0.451852,0.993752,0.722802,0.614422,0.831182
231,0.411589,0.561279,0.411589,0.561279,0.486434,0.456496,0.516372
232,0.390531,0.860937,0.390531,0.860937,0.625734,0.531653,0.719815
233,0.439502,0.995948,0.439502,0.995948,0.717725,0.606436,0.829014
234,0.434468,0.894487,0.434468,0.894487,0.664477,0.572473,0.756481
235,0.322495,0.889281,0.322495,0.889281,0.605888,0.492531,0.719245
236,0.411987,0.764613,0.411987,0.764613,0.5883,0.517775,0.658825
237,0.376879,0.69146,0.376879,0.69146,0.534169,0.471253,0.597085
238,0.390559,0.450129,0.390559,0.450129,0.420344,0.40843,0.432258
239,0.31851,0.432051,0.31851,0.432051,0.375281,0.352573,0.397989
240,0.332846,0.744957,0.332846,0.744957,0.538901,0.456479,0.621324
241,0.347048,0.33515,0.347048,0.33515,0.341099,0.343478,0.338719
242,0.385937,0.511886,0.385937,0.511886,0.448911,0.423721,0.474101
243,0.253314,0.027273,0.253314,0.027273,0.140293,0.185502,0.095085
244,0.364157,0.06746,0.364157,0.06746,0.215808,0.275148,0.156469
245,0.404894,0.646235,0.404894,0.646235,0.525565,0.477297,0.573833
246,0.372884,0.772417,0.372884,0.772417,0.572651,0.492744,0.652557
247,0.406423,0.439524,0.406423,0.439524,0.422973,0.416353,0.429594
248,0.441343,0.634603,0.441343,0.634603,0.537973,0.499321,0.576625
249,0.408662,0.948357,0.408662,0.948357,0.67851,0.570571,0.786449
250,0.460304,0.814479,0.460304,0.814479,0.637392,0.566557,0.708227
251,0.4625,0.468122,0.4625,0.468122,0.465311,0.464186,0.466435
252,0.422543,0.423037,0.422543,0.423037,0.42279,0.422691,0.422888
253,0.417837,0.468373,0.417837,0.468373,0.443105,0.432998,0.453212
254,0.361104,0.631667,0.361104,0.631667,0.496385,0.442273,0.550498
255,0.421395,0.664127,0.421395,0.664127,0.542761,0.494214,0.591307
256,0.349874,0.494662,0.349874,0.494662,0.422268,0.39331,0.451226
257,0.388987,0.560018,0.388987,0.560018,0.474502,0.440296,0.508709
258,0.405415,0.484623,0.405415,0.484623,0.445019,0.429177,0.460861
259,0.481722,0.970353,0.481722,0.970353,0.726037,0.628311,0.823763
260,0.462594,0.591346,0.462594,0.591346,0.52697,0.501219,0.55272
261,0.410124,0.674457,0.410124,0.674457,0.54229,0.489424,0.595157
262,0.465812,0.683202,0.465812,0.683202,0.574507,0.531029,0.617985
263,0.431083,0.249896,0.431083,0.249896,0.34049,0.376727,0.304252
264,0.460636,0.455751,0.460636,0.455751,0.458194,0.45917,0.457217
265,0.436865,0.393312,0.436865,0.393312,0.415089,0.423799,0.406378
266,0.420049,0.743566,0.420049,0.743566,0.581807,0.517104,0.646511
267,0.403657,0.853333,0.403657,0.853333,0.628495,0.53856,0.718431
268,0.504774,0.607959,0.504774,0.607959,0.556367,0.53573,0.577003
269,nan,0.959483,1.0,0.959483,0.979741,0.987845,0.971638
270,0.417625,0.705764,0.417625,0.705764,0.561694,0.504066,0.619322
271,nan,0.92328,1.0,0.92328,0.96164,0.976984,0.946296
272,0.119048,0.0663,0.119048,0.0663,0.092674,0.103223,0.082125
273,0.126867,0.530012,0.126867,0.530012,0.328439,0.24781,0.409069
274,0.322779,0.377289,0.322779,0.377289,0.350034,0.339132,0.360936
275,0.359108,0.44812,0.359108,0.44812,0.403614,0.385812,0.421417
276,0.378081,0.965059,0.378081,0.965059,0.67157,0.554175,0.788966
277,0.372903,0.827513,0.372903,0.827513,0.600208,0.509286,0.69113
278,0.276091,0.203349,0.276091,0.203349,0.23972,0.254269,0.225172
279,0.25,0.102754,0.25,0.102754,0.176377,0.205826,0.146928
280,0.420046,0.228145,0.420046,0.228145,0.324095,0.362476,0.285715
281,0.42846,0.519563,0.42846,0.519563,0.474011,0.455791,0.492232
282,0.389732,0.489046,0.389732,0.489046,0.439389,0.419526,0.459252
283,0.407791,0.567958,0.407791,0.567958,0.487875,0.455841,0.519908
284,0.457011,0.792092,0.457011,0.792092,0.624551,0.557535,0.691568
285,0.398885,0.661708,0.398885,0.661708,0.530297,0.477732,0.582861
286,0.353854,0.406859,0.353854,0.406859,0.380357,0.369756,0.390958
287,0.400396,0.48963,0.400396,0.48963,0.445013,0.427166,0.46286
288,0.40848,0.404991,0.40848,0.404991,0.406736,0.407433,0.406038
289,0.424446,0.48963,0.424446,0.48963,0.457038,0.444001,0.470075
290,0.416562,0.725358,0.416562,0.725358,0.57096,0.5092,0.632719
291,0.409598,0.614502,0.409598,0.614502,0.51205,0.471069,0.553031
292,0.434258,0.790021,0.434258,0.790021,0.61214,0.540987,0.683292
293,0.444255,0.543272,0.444255,0.543272,0.493764,0.47396,0.513567
294,0.395759,0.704404,0.395759,0.704404,0.550081,0.488352,0.61181
295,0.430209,0.712866,0.430209,0.712866,0.571538,0.515006,0.628069
296,0.465675,0.64331,0.465675,0.64331,0.554492,0.518965,0.590019
297,0.468091,0.922222,0.468091,0.922222,0.695157,0.60433,0.785983
298,0.49188,0.666883,0.49188,0.666883,0.579381,0.544381,0.614382
299,0.479523,0.429847,0.479523,0.429847,0.454685,0.464621,0.44475
300,0.457653,0.570014,0.457653,0.570014,0.513833,0.491361,0.536306
301,0.345914,0.777353,0.345914,0.777353,0.561633,0.475346,0.647921
302,0.429989,0.336339,0.429989,0.336339,0.383164,0.401894,0.364434
303,0.37535,0.745442,0.37535,0.745442,0.560396,0.486378,0.634414
304,0.419076,0.833492,0.419076,0.833492,0.626284,0.543401,0.709167
305,0.366057,0.584503,0.366057,0.584503,0.47528,0.431591,0.518969
306,0.511638,0.642429,0.511638,0.642429,0.577033,0.550875,0.603192
307,0.466465,0.568948,0.466465,0.568948,0.517706,0.49721,0.538203
308,0.447996,0.441729,0.447996,0.441729,0.444862,0.446116,0.443609
309,0.403925,0.789038,0.403925,0.789038,0.596482,0.519459,0.673504
310,0.345085,0.084643,0.345085,0.084643,0.214864,0.266952,0.162776
311,0.401016,0.824733,0.401016,0.824733,0.612874,0.528131,0.697618
312,0.398534,0.577436,0.398534,0.577436,0.487985,0.452205,0.523765
313,0.267167,0.411076,0.267167,0.411076,0.339122,0.31034,0.367903
314,0.463643,0.735375,0.463643,0.735375,0.599509,0.545162,0.653855
315,0.44453,0.666142,0.44453,0.666142,0.555336,0.511014,0.599658
316,0.492917,0.627939,0.492917,0.627939,0.560428,0.533423,0.587432
317,0.306195,0.341414,0.306195,0.341414,0.323805,0.316761,0.330848
318,0.320301,0.670106,0.320301,0.670106,0.495204,0.425243,0.565165
319,0.402631,0.858718,0.402631,0.858718,0.630675,0.539457,0.721892
320,0.378596,0.861961,0.378596,0.861961,0.620278,0.523605,0.716951
321,0.388915,0.915294,0.388915,0.915294,0.652105,0.546829,0.757381
322,0.371728,0.565463,0.371728,0.565463,0.468596,0.429849,0.507343
323,0.300089,0.689224,0.300089,0.689224,0.494656,0.416829,0.572483
324,0.408395,0.541771,0.408395,0.541771,0.475083,0.448408,0.501758
325,0.378304,0.327519,0.378304,0.327519,0.352911,0.363068,0.342754
326,0.412339,0.776618,0.412339,0.776618,0.594478,0.521623,0.667334
327,0.432032,0.429467,0.432032,0.429467,0.43075,0.431263,0.430236
328,0.262257,0.779206,0.262257,0.779206,0.520732,0.417342,0.624122
329,0.3935,0.512396,0.3935,0.512396,0.452948,0.429169,0.476727
330,0.346209,0.565054,0.346209,0.565054,0.455632,0.411863,0.499401
331,0.341853,0.419011,0.341853,0.419011,0.380432,0.365001,0.395864
332,0.326097,0.710639,0.326097,0.710639,0.518368,0.44146,0.595277
333,0.434802,0.266667,0.434802,0.266667,0.350735,0.384362,0.317107
334,0.271151,0.805873,0.271151,0.805873,0.538512,0.431567,0.645456
335,0.302116,0.499797,0.302116,0.499797,0.400957,0.361421,0.440493
336,0.229444,0.77736,0.229444,0.77736,0.503402,0.393819,0.612985
337,0.357546,0.637778,0.357546,0.637778,0.497662,0.441615,0.553708
338,0.424526,0.313147,0.424526,0.313147,0.368836,0.391112,0.346561
339,0.409829,0.836011,0.409829,0.836011,0.62292,0.537684,0.708157
340,0.411067,0.505325,0.411067,0.505325,0.458196,0.439345,0.477048
341,0.364457,0.479217,0.364457,0.479217,0.421837,0.398885,0.444789
342,0.422605,0.867306,0.422605,0.867306,0.644956,0.556016,0.733896
343,0.407361,0.352015,0.407361,0.352015,0.379688,0.390757,0.368619
344,0.339033,0.78611,0.339033,0.78611,0.562572,0.473156,0.651987
345,0.362345,0.383932,0.362345,0.383932,0.373138,0.368821,0.377456
346,0.388293,0.264247,0.388293,0.264247,0.32627,0.351079,0.301461
347,0.380262,0.554368,0.380262,0.554368,0.467315,0.432494,0.502136
348,0.40195,0.618413,0.40195,0.618413,0.510181,0.466889,0.553474
349,0.357447,0.768042,0.357447,0.768042,0.562745,0.480626,0.644864
350,0.315013,0.433591,0.315013,0.433591,0.374302,0.350586,0.398018
351,0.378354,0.62306,0.378354,0.62306,0.500707,0.451766,0.549648
352,0.369517,0.737636,0.369517,0.737636,0.553577,0.479953,0.6272
353,0.39393,0.856173,0.39393,0.856173,0.625052,0.532603,0.7175
354,0.386607,0.791261,0.386607,0.791261,0.588934,0.508003,0.669865
355,0.318175,0.351026,0.318175,0.351026,0.3346,0.32803,0.34117
356,0.325244,0.403188,0.325244,0.403188,0.364216,0.348627,0.379805
357,0.184509,0.577393,0.184509,0.577393,0.380951,0.302374,0.459528
358,0.35,0.650758,0.35,0.650758,0.500379,0.440227,0.56053
359,0.287603,0.921986,0.287603,0.921986,0.604794,0.477918,0.731671
360,0.345711,0.796984,0.345711,0.796984,0.571347,0.481093,0.661602
361,0.420377,0.166667,0.420377,0.166667,0.293522,0.344264,0.24278
362,0.380694,0.802233,0.380694,0.802233,0.591464,0.507156,0.675772
363,0.42058,0.493413,0.42058,0.493413,0.456997,0.44243,0.471563
364,0.329776,0.530758,0.329776,0.530758,0.430267,0.390071,0.470463
365,0.422517,0.414929,0.422517,0.414929,0.418723,0.420241,0.417205
366,0.42132,0.676011,0.42132,0.676011,0.548666,0.497727,0.599604
367,0.28666,0.78267,0.28666,0.78267,0.534665,0.435463,0.633867
368,0.41569,0.47393,0.41569,0.47393,0.44481,0.433162,0.456458
369,0.413522,0.270974,0.413522,0.270974,0.342248,0.370758,0.313738
370,0.423504,0.516386,0.423504,0.516386,0.469945,0.451369,0.488522
371,0.457272,0.472054,0.457272,0.472054,0.464663,0.461706,0.467619
372,0.432015,0.233603,0.432015,0.233603,0.332809,0.372491,0.293126
373,0.331955,0.891313,0.331955,0.891313,0.611634,0.499762,0.723506
374,0.378913,0.692415,0.378913,0.692415,0.535664,0.472964,0.598364
375,0.440181,0.583364,0.440181,0.583364,0.511773,0.483136,0.540409
376,0.376187,0.427116,0.376187,0.427116,0.401652,0.391466,0.411838
377,0.424671,0.826154,0.424671,0.826154,0.625413,0.545116,0.705709
378,0.412088,0.187288,0.412088,0.187288,0.299688,0.344648,0.254728
379,0.396433,0.142296,0.396433,0.142296,0.269365,0.320192,0.218537
380,0.417893,0.529588,0.417893,0.529588,0.47374,0.451402,0.496079
381,0.376574,0.088964,0.376574,0.088964,0.232769,0.290291,0.175247
382,0.418925,0.167615,0.418925,0.167615,0.29327,0.343532,0.243008
383,0.382037,0.059048,0.382037,0.059048,0.220542,0.28514,0.155944
384,0.369716,0.457607,0.369716,0.457607,0.413661,0.396083,0.431239
385,0.448945,0.075175,0.448945,0.075175,0.26206,0.336814,0.187306
386,0.390214,0.452614,0.390214,0.452614,0.421414,0.408934,0.433894
387,0.449303,0.942821,0.449303,0.942821,0.696062,0.597359,0.794765
388,0.468991,0.331142,0.468991,0.331142,0.400067,0.427637,0.372497
389,0.363154,0.676859,0.363154,0.676859,0.520007,0.457266,0.582748
390,0.261949,0.553425,0.261949,0.553425,0.407687,0.349392,0.465982
391,0.353021,0.603241,0.353021,0.603241,0.478131,0.428087,0.528175
392,0.36403,0.754328,0.36403,0.754328,0.559179,0.481119,0.637238
393,0.317789,0.566667,0.317789,0.566667,0.442228,0.392452,0.492003
394,0.309616,0.661574,0.309616,0.661574,0.485595,0.415203,0.555987
395,0.383147,0.596994,0.383147,0.596994,0.49007,0.447301,0.53284
396,0.363589,0.606989,0.363589,0.606989,0.485289,0.436609,0.533969
397,0.406958,0.645123,0.406958,0.645123,0.52604,0.478408,0.573673
398,0.439158,0.497354,0.439158,0.497354,0.468256,0.456617,0.479895
399,0.238488,0.604274,0.238488,0.604274,0.421381,0.348224,0.494538
400,0.396088,0.420047,0.396088,0.420047,0.408067,0.403275,0.412859
401,0.32009,0.77663,0.32009,0.77663,0.54836,0.457052,0.639668
402,0.366023,0.784082,0.366023,0.784082,0.575053,0.491441,0.658665
403,0.226631,0.763026,0.226631,0.763026,0.494828,0.387549,0.602107
404,0.26583,0.817487,0.26583,0.817487,0.541659,0.431327,0.65199
405,0.243571,0.682516,0.243571,0.682516,0.463044,0.375255,0.550833
406,0.238095,0.794838,0.238095,0.794838,0.516467,0.405118,0.627815
407,0.269841,0.752253,0.269841,0.752253,0.511047,0.414565,0.607529
408,0.251554,0.764185,0.251554,0.764185,0.507869,0.405343,0.610395
409,0.390855,0.40737,0.390855,0.40737,0.399113,0.39581,0.402416
410,0.41437,0.514626,0.41437,0.514626,0.464498,0.444447,0.48455
411,0.369399,0.907037,0.369399,0.907037,0.638218,0.53069,0.745745
412,0.38318,0.760974,0.38318,0.760974,0.572077,0.496518,0.647636
413,0.380589,0.650132,0.380589,0.650132,0.515361,0.461452,0.569269
414,0.329772,0.908756,0.329772,0.908756,0.619264,0.503467,0.735061
415,0.231481,0.653996,0.231481,0.653996,0.442739,0.358236,0.527241
416,0.217271,0.881806,0.217271,0.881806,0.549539,0.416632,0.682446
417,0.335944,0.573066,0.335944,0.573066,0.454505,0.40708,0.501929
418,0.213537,0.453267,0.213537,0.453267,0.333402,0.285456,0.381348
419,0.429391,0.725421,0.429391,0.725421,0.577406,0.5182,0.636612
420,0.371417,0.895833,0.371417,0.895833,0.633625,0.528742,0.738508
421,0.408523,0.770378,0.408523,0.770378,0.58945,0.517079,0.661821
422,0.380171,0.509485,0.380171,0.509485,0.444828,0.418965,0.470691
423,0.381365,0.925,0.381365,0.925,0.653182,0.544455,0.761909
424,0.416092,0.722675,0.416092,0.722675,0.569383,0.508067,0.6307
425,0.373961,0.422935,0.373961,0.422935,0.398448,0.388653,0.408243
426,0.282781,0.638939,0.282781,0.638939,0.46086,0.389629,0.532092
427,0.302217,0.934784,0.302217,0.934784,0.6185,0.491987,0.745014
428,0.298044,0.74637,0.298044,0.74637,0.522207,0.432542,0.611872
429,0.39198,0.328441,0.39198,0.328441,0.36021,0.372918,0.347503
430,0.433142,0.826554,0.433142,0.826554,0.629848,0.551166,0.708531
431,0.345742,0.540846,0.345742,0.540846,0.443294,0.404273,0.482315
432,0.25,0.558189,0.25,0.558189,0.404094,0.342457,0.465732
433,0.313853,0.589369,0.313853,0.589369,0.451611,0.396508,0.506714
434,0.319084,0.407941,0.319084,0.407941,0.363512,0.345741,0.381284
435,0.458018,0.506229,0.458018,0.506229,0.482123,0.472481,0.491766
436,0.470639,0.601311,0.470639,0.601311,0.535975,0.509841,0.56211
437,0.501047,0.422321,0.501047,0.422321,0.461684,0.477429,0.445939
438,0.39054,0.836869,0.39054,0.836869,0.613704,0.524439,0.70297
439,0.408663,0.975275,0.408663,0.975275,0.691969,0.578647,0.805291
440,0.390423,0.642179,0.390423,0.642179,0.516301,0.46595,0.566652
441,0.269484,0.687566,0.269484,0.687566,0.478525,0.394909,0.562142
442,0.264881,0.490286,0.264881,0.490286,0.377584,0.332503,0.422665
443,0.407812,0.534698,0.407812,0.534698,0.471255,0.445878,0.496632
444,0.39888,0.412525,0.39888,0.412525,0.405702,0.402973,0.408432
445,0.417746,0.8125,0.417746,0.8125,0.615123,0.536172,0.694074
446,0.393957,0.405503,0.393957,0.405503,0.39973,0.397421,0.402039
447,0.365245,0.541456,0.365245,0.541456,0.453351,0.418108,0.488593
448,0.440503,0.464219,0.440503,0.464219,0.452361,0.447618,0.457104
449,0.434663,0.732323,0.434663,0.732323,0.583493,0.523961,0.643025
450,0.435329,0.831111,0.435329,0.831111,0.63322,0.554064,0.712377
451,0.220289,0.761053,0.220289,0.761053,0.490671,0.382518,0.598824
452,0.429672,0.734241,0.429672,0.734241,0.581956,0.521042,0.64287
453,0.448643,0.695126,0.448643,0.695126,0.571884,0.522588,0.621181
454,0.482127,0.633849,0.482127,0.633849,0.557988,0.527644,0.588332
455,0.42195,0.74274,0.42195,0.74274,0.582345,0.518187,0.646503
456,0.351328,0.547477,0.351328,0.547477,0.449402,0.410173,0.488632
457,0.412617,0.511728,0.412617,0.511728,0.462173,0.442351,0.481995
458,0.406847,0.427614,0.406847,0.427614,0.41723,0.413077,0.421384
459,0.491521,0.296355,0.491521,0.296355,0.393938,0.432971,0.354905
460,0.484845,0.504245,0.484845,0.504245,0.494545,0.490665,0.498425
461,0.438174,0.461356,0.438174,0.461356,0.449765,0.445129,0.454401
462,0.410179,0.704964,0.410179,0.704964,0.557572,0.498615,0.616529
463,0.438287,0.498147,0.438287,0.498147,0.468217,0.456245,0.480189
464,0.441972,0.742764,0.441972,0.742764,0.592368,0.532209,0.652526
465,0.419993,0.300682,0.419993,0.300682,0.360337,0.3842,0.336475
466,0.427673,0.669295,0.427673,0.669295,0.548484,0.50016,0.596808
467,0.3125,0.592169,0.3125,0.592169,0.452335,0.396401,0.508269
468,0.205357,0.87239,0.205357,0.87239,0.538874,0.405467,0.67228
469,0.357143,0.489473,0.357143,0.489473,0.423308,0.396842,0.449774
470,0.3692,0.665484,0.3692,0.665484,0.517342,0.458085,0.576599
471,0.406154,0.616336,0.406154,0.616336,0.511245,0.469209,0.553281
472,0.325006,0.693712,0.325006,0.693712,0.509359,0.435618,0.5831
473,0.345429,0.467139,0.345429,0.467139,0.406284,0.381942,0.430626
474,0.378795,0.33437,0.378795,0.33437,0.356582,0.365467,0.347697
475,0.39808,0.299292,0.39808,0.299292,0.348686,0.368444,0.328928
476,0.424671,0.51892,0.424671,0.51892,0.471796,0.452946,0.490645
477,0.358298,0.511331,0.358298,0.511331,0.434814,0.404207,0.465421
478,0.083333,0.673968,0.083333,0.673968,0.378651,0.260524,0.496778
479,0.456387,0.817963,0.456387,0.817963,0.637175,0.564859,0.70949
480,0.432879,0.435395,0.432879,0.435395,0.434137,0.433634,0.43464
481,0.442652,0.778757,0.442652,0.778757,0.610704,0.543483,0.677925
482,0.399956,0.987354,0.399956,0.987354,0.693655,0.576176,0.811135
483,0.43058,0.573419,0.43058,0.573419,0.502,0.473432,0.530568
484,0.431378,0.51553,0.431378,0.51553,0.473454,0.456623,0.490284
485,0.402779,0.413471,0.402779,0.413471,0.408125,0.405987,0.410263
486,0.334967,0.657099,0.334967,0.657099,0.496033,0.431606,0.560459
487,0.395769,0.221235,0.395769,0.221235,0.308502,0.343408,0.273595
488,0.358385,0.751459,0.358385,0.751459,0.554922,0.476307,0.633537
489,0.370886,0.189015,0.370886,0.189015,0.27995,0.316325,0.243576
490,0.344684,0.425339,0.344684,0.425339,0.385011,0.36888,0.401142
491,0.34804,0.686364,0.34804,0.686364,0.517202,0.449537,0.584866
492,0.281771,0.673227,0.281771,0.673227,0.477499,0.399208,0.555791
493,0.374603,0.417812,0.374603,0.417812,0.396207,0.387565,0.404849
494,0.222222,0.823372,0.222222,0.823372,0.522797,0.402567,0.643027
495,0.204861,0.909603,0.204861,0.909603,0.557232,0.416284,0.698181
496,0.347102,0.782428,0.347102,0.782428,0.564765,0.4777,0.65183
497,0.413351,0.420052,0.413351,0.420052,0.416701,0.415361,0.418041
498,0.33088,0.529834,0.33088,0.529834,0.430357,0.390566,0.470148
499,0.375,0.651881,0.375,0.651881,0.513441,0.458064,0.568817
500,0.386364,0.79391,0.386364,0.79391,0.590137,0.508628,0.671646
501,0.375,0.489112,0.375,0.489112,0.432056,0.409234,0.454879
502,0.368083,0.736759,0.368083,0.736759,0.552421,0.478686,0.626156
503,0.434769,0.744462,0.434769,0.744462,0.589616,0.527677,0.651554
504,0.329175,0.760889,0.329175,0.760889,0.545032,0.458689,0.631375
505,0.440355,0.755647,0.440355,0.755647,0.598001,0.534943,0.66106
506,0.366087,0.983165,0.366087,0.983165,0.674626,0.55121,0.798042
507,0.380451,0.755459,0.380451,0.755459,0.567955,0.492954,0.642956
508,0.462271,0.781213,0.462271,0.781213,0.621742,0.557954,0.68553
509,0.420132,0.759477,0.420132,0.759477,0.589805,0.521936,0.657674
510,0.433308,0.948541,0.433308,0.948541,0.690924,0.587878,0.793971
511,0.399017,0.594962,0.399017,0.594962,0.49699,0.457801,0.536179
512,0.39128,0.498038,0.39128,0.498038,0.444659,0.423308,0.46601
513,0.374234,0.794945,0.374234,0.794945,0.58459,0.500447,0.668732
514,0.319228,0.498063,0.319228,0.498063,0.408645,0.372878,0.444412
515,0.266451,0.487046,0.266451,0.487046,0.376748,0.33263,0.420867
516,0.1185,0.423457,0.1185,0.423457,0.270978,0.209987,0.33197
517,0.1,0.758249,0.1,0.758249,0.429125,0.297475,0.560774
518,0.098077,0.538751,0.098077,0.538751,0.318414,0.230279,0.406548
519,0.101174,0.891236,0.101174,0.891236,0.496205,0.338193,0.654217
520,0.23084,0.51914,0.23084,0.51914,0.37499,0.31733,0.43265
521,0.107188,0.748065,0.107188,0.748065,0.427626,0.299451,0.555802
522,0.402189,0.459267,0.402189,0.459267,0.430728,0.419313,0.442144
523,0.403016,0.668575,0.403016,0.668575,0.535795,0.482684,0.588907
524,0.406414,0.968681,0.406414,0.968681,0.687547,0.575094,0.800001
525,0.427641,0.899964,0.427641,0.899964,0.663803,0.569338,0.758267
526,0.449905,0.684118,0.449905,0.684118,0.567012,0.520169,0.613854
527,0.434877,0.265354,0.434877,0.265354,0.350116,0.38402,0.316211
528,0.339646,0.588971,0.339646,0.588971,0.464309,0.414444,0.514174
529,0.364349,0.612005,0.364349,0.612005,0.488177,0.438646,0.537708
530,0.427547,0.399415,0.427547,0.399415,0.413481,0.419108,0.407855
531,0.320918,0.546732,0.320918,0.546732,0.433825,0.388662,0.478988
532,0.375972,0.98836,0.375972,0.98836,0.682166,0.559689,0.804644
533,0.377644,0.525397,0.377644,0.525397,0.45152,0.42197,0.481071
534,0.388302,0.592239,0.388302,0.592239,0.490271,0.449484,0.531058
535,0.41142,0.82381,0.41142,0.82381,0.617615,0.535137,0.700093
536,0.378094,0.484442,0.378094,0.484442,0.431268,0.409999,0.452538
537,0.379076,0.808159,0.379076,0.808159,0.593617,0.507801,0.679434
538,0.355308,0.644187,0.355308,0.644187,0.499747,0.441972,0.557523
539,0.405319,0.616589,0.405319,0.616589,0.510954,0.4687,0.553208
540,0.229167,0.779048,0.229167,0.779048,0.504107,0.394131,0.614083
541,0.241071,0.45873,0.241071,0.45873,0.349901,0.306369,0.393433
542,0.269231,0.640857,0.269231,0.640857,0.455044,0.380719,0.529369
543,0.3,0.403801,0.3,0.403801,0.351901,0.33114,0.372661
544,0.347123,0.667151,0.347123,0.667151,0.507137,0.443131,0.571142
545,0.352072,0.587017,0.352072,0.587017,0.469544,0.422555,0.516533
546,0.340139,0.596182,0.340139,0.596182,0.46816,0.416952,0.519369
547,0.407108,0.876323,0.407108,0.876323,0.641715,0.547872,0.735558
548,0.380984,0.612623,0.380984,0.612623,0.496804,0.450476,0.543132
549,0.402624,0.678632,0.402624,0.678632,0.540628,0.485426,0.595829
550,0.25625,0.616931,0.25625,0.616931,0.436591,0.364454,0.508727
551,0.284695,0.840914,0.284695,0.840914,0.562804,0.45156,0.674048
552,0.229167,0.451217,0.229167,0.451217,0.340192,0.295782,0.384602
553,0.283517,0.606374,0.283517,0.606374,0.444946,0.380374,0.509517
554,0.285955,0.512607,0.285955,0.512607,0.399281,0.353951,0.444611
555,0.352035,0.71418,0.352035,0.71418,0.533108,0.460679,0.605536
556,0.404273,0.731249,0.404273,0.731249,0.567761,0.502366,0.633156
557,0.369188,0.533901,0.369188,0.533901,0.451544,0.418602,0.484487
558,0.404273,0.812923,0.404273,0.812923,0.608598,0.526868,0.690328
559,0.325,0.948413,0.325,0.948413,0.636706,0.512024,0.761389
560,0.386508,0.268639,0.386508,0.268639,0.327573,0.351147,0.304
561,0.357221,0.557319,0.357221,0.557319,0.45727,0.417251,0.497289
562,0.413265,0.959841,0.413265,0.959841,0.686553,0.577238,0.795868
563,0.318887,0.546582,0.318887,0.546582,0.432734,0.387195,0.478273
564,0.363636,0.528953,0.363636,0.528953,0.446295,0.413231,0.479358
565,0.183671,0.867434,0.183671,0.867434,0.525552,0.3888,0.662305
566,0.09321,0.839604,0.09321,0.839604,0.466407,0.317128,0.615686
567,0.207756,0.906941,0.207756,0.906941,0.557348,0.417512,0.697185
568,0.317369,0.542126,0.317369,0.542126,0.429747,0.384796,0.474699
569,0.418773,0.793593,0.418773,0.793593,0.606183,0.531219,0.681147
570,0.423629,0.946032,0.423629,0.946032,0.684831,0.58035,0.789311
571,0.39543,0.450081,0.39543,0.450081,0.422756,0.411825,0.433686
572,0.355674,0.683066,0.355674,0.683066,0.51937,0.453892,0.584848
573,0.39543,0.708538,0.39543,0.708538,0.551984,0.489363,0.614606
574,0.398401,0.577641,0.398401,0.577641,0.488021,0.452173,0.523869
575,0.376038,0.635444,0.376038,0.635444,0.505741,0.45386,0.557623
576,0.426384,0.531151,0.426384,0.531151,0.478767,0.457814,0.499721
577,0.413297,0.638101,0.413297,0.638101,0.525699,0.480738,0.570659
578,0.409736,0.539416,0.409736,0.539416,0.474576,0.44864,0.500512
579,0.320055,0.559039,0.320055,0.559039,0.439547,0.39175,0.487344
580,0.39977,0.679355,0.39977,0.679355,0.539563,0.483646,0.59548
581,0.351349,0.458837,0.351349,0.458837,0.405093,0.383596,0.426591
582,0.389489,0.711969,0.389489,0.711969,0.550729,0.486233,0.615225
583,0.395197,0.496613,0.395197,0.496613,0.445905,0.425621,0.466188
584,0.202162,0.478125,0.202162,0.478125,0.340144,0.284951,0.395336
585,0.226215,0.77589,0.226215,0.77589,0.501052,0.391118,0.610987
586,0.272727,0.818254,0.272727,0.818254,0.545491,0.436385,0.654596
587,0.241071,0.532946,0.241071,0.532946,0.387009,0.328634,0.445384
588,0.243325,0.400948,0.243325,0.400948,0.322137,0.290612,0.353661
589,0.242716,0.689236,0.242716,0.689236,0.465976,0.376672,0.55528
590,0.311806,0.646001,0.311806,0.646001,0.478903,0.412064,0.545742
591,0.344696,0.836201,0.344696,0.836201,0.590448,0.492147,0.68875
592,0.322032,0.515125,0.322032,0.515125,0.418578,0.37996,0.457197
593,0.25,0.562939,0.25,0.562939,0.40647,0.343882,0.469058
594,0.272727,0.737345,0.272727,0.737345,0.505036,0.412113,0.59796
595,0.308333,0.642596,0.308333,0.642596,0.475465,0.408612,0.542317
596,0.417225,0.839011,0.417225,0.839011,0.628118,0.543761,0.712475
597,0.320133,0.67094,0.320133,0.67094,0.495537,0.425375,0.565698
598,0.408485,0.743822,0.408485,0.743822,0.576154,0.509086,0.643221
599,0.318016,0.507672,0.318016,0.507672,0.412844,0.374913,0.450775
600,0.35989,0.485985,0.35989,0.485985,0.422938,0.397719,0.448157
601,0.119048,0.401926,0.119048,0.401926,0.260487,0.203911,0.317063
602,0.283272,0.646429,0.283272,0.646429,0.46485,0.392219,0.537482
603,0.409343,0.989176,0.409343,0.989176,0.69926,0.583293,0.815226
604,0.338097,0.508311,0.338097,0.508311,0.423204,0.389162,0.457247
605,0.405174,0.803722,0.405174,0.803722,0.604448,0.524738,0.684158
606,0.441702,0.666901,0.441702,0.666901,0.554301,0.509261,0.599341
607,0.429746,0.696752,0.429746,0.696752,0.563249,0.509848,0.61665
608,0.41577,0.409273,0.41577,0.409273,0.412522,0.413821,0.411222
609,0.36347,0.729948,0.36347,0.729948,0.546709,0.473413,0.620005
610,0.468141,0.596653,0.468141,0.596653,0.532397,0.506694,0.558099
611,0.410467,0.456111,0.410467,0.456111,0.433289,0.42416,0.442418
612,0.1875,0.794206,0.1875,0.794206,0.490853,0.369512,0.612194
613,0.215278,0.997685,0.215278,0.997685,0.606481,0.45,0.762963
614,0.292191,0.846193,0.292191,0.846193,0.569192,0.458392,0.679992
615,0.33981,0.782222,0.33981,0.782222,0.561016,0.472534,0.649499
616,0.354923,0.392222,0.354923,0.392222,0.373573,0.366113,0.381032
617,0.370488,0.955089,0.370488,0.955089,0.662788,0.545868,0.779709
618,0.384878,0.659259,0.384878,0.659259,0.522069,0.467192,0.576945
619,0.381904,0.342222,0.381904,0.342222,0.362063,0.369999,0.354127
620,0.208333,0.67537,0.208333,0.67537,0.441852,0.348444,0.535259
621,0.220238,0.51785,0.220238,0.51785,0.369044,0.309522,0.428566
622,0.208333,0.743497,0.208333,0.743497,0.475915,0.368882,0.582948
623,0.426029,0.675276,0.426029,0.675276,0.550653,0.500803,0.600502
624,0.433593,0.374074,0.433593,0.374074,0.403834,0.415738,0.39193
625,0.422183,0.437756,0.422183,0.437756,0.429969,0.426855,0.433084
626,0.269841,0.408768,0.269841,0.408768,0.339305,0.311519,0.36709
627,0.326654,0.632335,0.326654,0.632335,0.479494,0.418358,0.54063
628,0.294092,0.602228,0.294092,0.602228,0.44816,0.386532,0.509787
629,0.325514,0.436677,0.325514,0.436677,0.381096,0.358863,0.403328
630,0.356502,0.509212,0.356502,0.509212,0.432857,0.402315,0.463399
631,0.309363,0.803571,0.309363,0.803571,0.556467,0.457626,0.655309
632,0.3605,0.618842,0.3605,0.618842,0.489671,0.438002,0.541339
633,0.332634,0.713997,0.332634,0.713997,0.523316,0.447043,0.599588
634,0.344048,0.940904,0.344048,0.940904,0.642476,0.523104,0.761847
635,0.318254,0.870016,0.318254,0.870016,0.594135,0.483783,0.704488
636,0.354051,0.980767,0.354051,0.980767,0.667409,0.542066,0.792752
637,0.371169,0.824124,0.371169,0.824124,0.597646,0.507055,0.688237
638,0.330497,0.549416,0.330497,0.549416,0.439957,0.396173,0.48374
639,0.234346,0.940278,0.234346,0.940278,0.587312,0.446125,0.728498
640,0.098077,0.918863,0.098077,0.918863,0.50847,0.344313,0.672627
641,0.101174,0.670334,0.101174,0.670334,0.385754,0.271922,0.499586
642,0.23084,0.947768,0.23084,0.947768,0.589304,0.445918,0.732689
643,0.107188,0.841058,0.107188,0.841058,0.474123,0.327349,0.620897
